<?xml version="1.0" encoding="utf-8" ?><dwsync><file name="banner_01.jpg" server="gnomo.fe.up.pt/public_html/" local="3564937570" remote="3571341503" Dst="-1" /><file name="banner_02.jpg" server="gnomo.fe.up.pt/public_html/" local="3564937598" remote="3571341503" Dst="-1" /><file name="banner_03.jpg" server="gnomo.fe.up.pt/public_html/" local="3564937620" remote="3571341503" Dst="-1" /><file name="banner_04.jpg" server="gnomo.fe.up.pt/public_html/" local="3568192800" remote="3571341503" Dst="-1" /><file name="banner_05.jpg" server="gnomo.fe.up.pt/public_html/" local="3568193472" remote="3571341503" Dst="-1" /><file name="banner_big.jpg" server="gnomo.fe.up.pt/public_html/" local="3564937654" remote="3571341503" Dst="-1" /><file name="collection_01.JPG" server="gnomo.fe.up.pt/public_html/" local="3564937670" remote="3571341504" Dst="-1" /><file name="collection_02.JPG" server="gnomo.fe.up.pt/public_html/" local="3564937684" remote="3571341504" Dst="-1" /><file name="collection_03.JPG" server="gnomo.fe.up.pt/public_html/" local="3564937694" remote="3571341504" Dst="-1" /><file name="collection_04.JPG" server="gnomo.fe.up.pt/public_html/" local="3564937708" remote="3571341504" Dst="-1" /><file name="offer.jpg" server="gnomo.fe.up.pt/public_html/" local="3564937720" remote="3571341504" Dst="-1" /><file name="offer.png" server="gnomo.fe.up.pt/public_html/" local="3564812396" remote="3571341504" Dst="-1" /><file name="top_banner.jpg" server="gnomo.fe.up.pt/public_html/" local="3568704144" remote="3571341505" Dst="-1" /><file name="banner_abs.png" server="gnomo.fe.up.pt/public_html/" local="3571343385" remote="3571343388" Dst="-1" /><file name=".DS_Store" server="Macintosh HD/Applications/MAMP/htdocs/LBAW/" local="3571343124" remote="3571343124" Dst="-1" /><file name="banner_01.jpg" server="Macintosh HD/Applications/MAMP/htdocs/LBAW/" local="3564937570" remote="3564937570" Dst="-1" /><file name="banner_02.jpg" server="Macintosh HD/Applications/MAMP/htdocs/LBAW/" local="3564937598" remote="3564937598" Dst="-1" /><file name="banner_03.jpg" server="Macintosh HD/Applications/MAMP/htdocs/LBAW/" local="3564937620" remote="3564937620" Dst="-1" /><file name="banner_04.jpg" server="Macintosh HD/Applications/MAMP/htdocs/LBAW/" local="3568192800" remote="3568192800" Dst="-1" /><file name="banner_05.jpg" server="Macintosh HD/Applications/MAMP/htdocs/LBAW/" local="3568193472" remote="3568193472" Dst="-1" /><file name="banner_abs.png" server="Macintosh HD/Applications/MAMP/htdocs/LBAW/" local="3571343385" remote="3571343385" Dst="-1" /><file name="banner_big.jpg" server="Macintosh HD/Applications/MAMP/htdocs/LBAW/" local="3564937654" remote="3564937654" Dst="-1" /><file name="collection_01.JPG" server="Macintosh HD/Applications/MAMP/htdocs/LBAW/" local="3564937670" remote="3564937670" Dst="-1" /><file name="collection_02.JPG" server="Macintosh HD/Applications/MAMP/htdocs/LBAW/" local="3564937684" remote="3564937684" Dst="-1" /><file name="collection_03.JPG" server="Macintosh HD/Applications/MAMP/htdocs/LBAW/" local="3564937694" remote="3564937694" Dst="-1" /><file name="collection_04.JPG" server="Macintosh HD/Applications/MAMP/htdocs/LBAW/" local="3564937708" remote="3564937708" Dst="-1" /><file name="offer.jpg" server="Macintosh HD/Applications/MAMP/htdocs/LBAW/" local="3564937720" remote="3564937720" Dst="-1" /><file name="offer.png" server="Macintosh HD/Applications/MAMP/htdocs/LBAW/" local="3564812396" remote="3564812396" Dst="-1" /><file name="top_banner.jpg" server="Macintosh HD/Applications/MAMP/htdocs/LBAW/" local="3568704144" remote="3568704144" Dst="-1" /></dwsync>