<?xml version="1.0" encoding="utf-8" ?><dwsync><file name="_elements.scss" server="gnomo.fe.up.pt/public_html/" local="3568729762" remote="3571341531" Dst="-1" /><file name="_layout.scss" server="gnomo.fe.up.pt/public_html/" local="3568794474" remote="3571341531" Dst="-1" /><file name="_mix.scss" server="gnomo.fe.up.pt/public_html/" local="3568792200" remote="3571341531" Dst="-1" /><file name="default.scss" server="gnomo.fe.up.pt/public_html/" local="3562435056" remote="3571341531" Dst="-1" /><file name="_elements.scss" server="Macintosh HD/Applications/MAMP/htdocs/LBAW/" local="3568729762" remote="3568729762" Dst="-1" /><file name="_layout.scss" server="Macintosh HD/Applications/MAMP/htdocs/LBAW/" local="3568794474" remote="3568794474" Dst="-1" /><file name="_mix.scss" server="Macintosh HD/Applications/MAMP/htdocs/LBAW/" local="3568792200" remote="3568792200" Dst="-1" /><file name="default.css" server="Macintosh HD/Applications/MAMP/htdocs/LBAW/" local="3571487504" remote="3571487504" Dst="-1" /><file name="default.scss" server="Macintosh HD/Applications/MAMP/htdocs/LBAW/" local="3562435056" remote="3562435056" Dst="-1" /></dwsync>