<?xml version="1.0" encoding="utf-8" ?><dwsync><file name="flag-english.jpg" server="gnomo.fe.up.pt/public_html/" local="3564938002" remote="3571341509" Dst="-1" /><file name="flag-french.jpg" server="gnomo.fe.up.pt/public_html/" local="3564938016" remote="3571341510" Dst="-1" /><file name="flag-german.jpg" server="gnomo.fe.up.pt/public_html/" local="3564938026" remote="3571341510" Dst="-1" /><file name="flag-pt.jpg" server="gnomo.fe.up.pt/public_html/" local="3571326078" remote="3571341510" Dst="-1" /><file name="flag-spain.jpg" server="gnomo.fe.up.pt/public_html/" local="3564938038" remote="3571341510" Dst="-1" /><file name="flag-english.jpg" server="Macintosh HD/Applications/MAMP/htdocs/LBAW/" local="3564938002" remote="3564938002" Dst="-1" /><file name="flag-french.jpg" server="Macintosh HD/Applications/MAMP/htdocs/LBAW/" local="3564938016" remote="3564938016" Dst="-1" /><file name="flag-german.jpg" server="Macintosh HD/Applications/MAMP/htdocs/LBAW/" local="3564938026" remote="3564938026" Dst="-1" /><file name="flag-pt.jpg" server="Macintosh HD/Applications/MAMP/htdocs/LBAW/" local="3571326078" remote="3571326078" Dst="-1" /><file name="flag-spain.jpg" server="Macintosh HD/Applications/MAMP/htdocs/LBAW/" local="3564938038" remote="3564938038" Dst="-1" /></dwsync>