<?xml version="1.0" encoding="utf-8" ?><dwsync><file name="fontawesome-webfont.eot" server="gnomo.fe.up.pt/public_html/" local="3556096580" remote="3571341498" Dst="-1" /><file name="fontawesome-webfont.svg" server="gnomo.fe.up.pt/public_html/" local="3556096580" remote="3571341499" Dst="-1" /><file name="fontawesome-webfont.ttf" server="gnomo.fe.up.pt/public_html/" local="3556096580" remote="3571341499" Dst="-1" /><file name="fontawesome-webfont.woff" server="gnomo.fe.up.pt/public_html/" local="3556096580" remote="3571341499" Dst="-1" /><file name="fontawesome-webfont.woff2" server="gnomo.fe.up.pt/public_html/" local="3556096580" remote="3571341499" Dst="-1" /><file name="FontAwesome.otf" server="gnomo.fe.up.pt/public_html/" local="3556096580" remote="3571341499" Dst="-1" /><file name="glyphicons-halflings-regular.eot" server="gnomo.fe.up.pt/public_html/" local="3552298982" remote="3571341499" Dst="-1" /><file name="glyphicons-halflings-regular.svg" server="gnomo.fe.up.pt/public_html/" local="3552298982" remote="3571341499" Dst="-1" /><file name="glyphicons-halflings-regular.ttf" server="gnomo.fe.up.pt/public_html/" local="3552298982" remote="3571341500" Dst="-1" /><file name="glyphicons-halflings-regular.woff" server="gnomo.fe.up.pt/public_html/" local="3552298982" remote="3571341500" Dst="-1" /><file name="glyphicons-halflings-regular.woff2" server="gnomo.fe.up.pt/public_html/" local="3552298982" remote="3571341500" Dst="-1" /><file name="fontawesome-webfont.eot" server="Macintosh HD/Applications/MAMP/htdocs/LBAW/" local="3556096580" remote="3556096580" Dst="-1" /><file name="fontawesome-webfont.svg" server="Macintosh HD/Applications/MAMP/htdocs/LBAW/" local="3556096580" remote="3556096580" Dst="-1" /><file name="fontawesome-webfont.ttf" server="Macintosh HD/Applications/MAMP/htdocs/LBAW/" local="3556096580" remote="3556096580" Dst="-1" /><file name="fontawesome-webfont.woff" server="Macintosh HD/Applications/MAMP/htdocs/LBAW/" local="3556096580" remote="3556096580" Dst="-1" /><file name="fontawesome-webfont.woff2" server="Macintosh HD/Applications/MAMP/htdocs/LBAW/" local="3556096580" remote="3556096580" Dst="-1" /><file name="FontAwesome.otf" server="Macintosh HD/Applications/MAMP/htdocs/LBAW/" local="3556096580" remote="3556096580" Dst="-1" /><file name="glyphicons-halflings-regular.eot" server="Macintosh HD/Applications/MAMP/htdocs/LBAW/" local="3552298982" remote="3552298982" Dst="-1" /><file name="glyphicons-halflings-regular.svg" server="Macintosh HD/Applications/MAMP/htdocs/LBAW/" local="3552298982" remote="3552298982" Dst="-1" /><file name="glyphicons-halflings-regular.ttf" server="Macintosh HD/Applications/MAMP/htdocs/LBAW/" local="3552298982" remote="3552298982" Dst="-1" /><file name="glyphicons-halflings-regular.woff" server="Macintosh HD/Applications/MAMP/htdocs/LBAW/" local="3552298982" remote="3552298982" Dst="-1" /><file name="glyphicons-halflings-regular.woff2" server="Macintosh HD/Applications/MAMP/htdocs/LBAW/" local="3552298982" remote="3552298982" Dst="-1" /></dwsync>