<?xml version="1.0" encoding="utf-8" ?><dwsync><file name="bootstrap.min.js" server="gnomo.fe.up.pt/public_html/" local="3552306810" remote="3571341527" Dst="-1" /><file name="gmaps.js" server="gnomo.fe.up.pt/public_html/" local="3564986046" remote="3571341527" Dst="-1" /><file name="jquery-3.1.1.min.js" server="gnomo.fe.up.pt/public_html/" local="3558956352" remote="3571341527" Dst="-1" /><file name="jquery.downCount.js" server="gnomo.fe.up.pt/public_html/" local="3499619626" remote="3571341528" Dst="-1" /><file name="jquery.sticky.js" server="gnomo.fe.up.pt/public_html/" local="3562931596" remote="3571341528" Dst="-1" /><file name="main.js" server="gnomo.fe.up.pt/public_html/" local="3568794496" remote="3571341528" Dst="-1" /><file name="nouislider.min.js" server="gnomo.fe.up.pt/public_html/" local="3558030242" remote="3571341528" Dst="-1" /><file name="owl.carousel.min.js" server="gnomo.fe.up.pt/public_html/" local="3560249782" remote="3571341528" Dst="-1" /><file name="pace.min.js" server="gnomo.fe.up.pt/public_html/" local="3563880416" remote="3571341528" Dst="-1" /><file name="star-rating.min.js" server="gnomo.fe.up.pt/public_html/" local="3558922122" remote="3571341528" Dst="-1" /><file name="swiper.min.js" server="gnomo.fe.up.pt/public_html/" local="3559451294" remote="3571341528" Dst="-1" /><file name="wow.min.js" server="gnomo.fe.up.pt/public_html/" local="3546474966" remote="3571341529" Dst="-1" /><file name="bootstrap.min.js" server="Macintosh HD/Applications/MAMP/htdocs/LBAW/" local="3552306810" remote="3552306810" Dst="-1" /><file name="gmaps.js" server="Macintosh HD/Applications/MAMP/htdocs/LBAW/" local="3564986046" remote="3564986046" Dst="-1" /><file name="jquery-3.1.1.min.js" server="Macintosh HD/Applications/MAMP/htdocs/LBAW/" local="3558956352" remote="3558956352" Dst="-1" /><file name="jquery.downCount.js" server="Macintosh HD/Applications/MAMP/htdocs/LBAW/" local="3499619626" remote="3499619626" Dst="-1" /><file name="jquery.sticky.js" server="Macintosh HD/Applications/MAMP/htdocs/LBAW/" local="3562931596" remote="3562931596" Dst="-1" /><file name="main.js" server="Macintosh HD/Applications/MAMP/htdocs/LBAW/" local="3568794496" remote="3568794496" Dst="-1" /><file name="nouislider.min.js" server="Macintosh HD/Applications/MAMP/htdocs/LBAW/" local="3558030242" remote="3558030242" Dst="-1" /><file name="owl.carousel.min.js" server="Macintosh HD/Applications/MAMP/htdocs/LBAW/" local="3560249782" remote="3560249782" Dst="-1" /><file name="pace.min.js" server="Macintosh HD/Applications/MAMP/htdocs/LBAW/" local="3563880416" remote="3563880416" Dst="-1" /><file name="star-rating.min.js" server="Macintosh HD/Applications/MAMP/htdocs/LBAW/" local="3558922122" remote="3558922122" Dst="-1" /><file name="swiper.min.js" server="Macintosh HD/Applications/MAMP/htdocs/LBAW/" local="3559451294" remote="3559451294" Dst="-1" /><file name="wow.min.js" server="Macintosh HD/Applications/MAMP/htdocs/LBAW/" local="3546474966" remote="3546474966" Dst="-1" /></dwsync>