<?xml version="1.0" encoding="utf-8" ?><dwsync><file name="animate.css" server="gnomo.fe.up.pt/public_html/" local="3564137744" remote="3571341495" Dst="-1" /><file name="bootstrap.min.css" server="gnomo.fe.up.pt/public_html/" local="3552306808" remote="3571341495" Dst="-1" /><file name="default.css" server="gnomo.fe.up.pt/public_html/" local="3571331112" remote="3571341496" Dst="-1" /><file name="default.css.map" server="gnomo.fe.up.pt/public_html/" local="3568792202" remote="3571341496" Dst="-1" /><file name="font-awesome.min.css" server="gnomo.fe.up.pt/public_html/" local="3556096580" remote="3571341496" Dst="-1" /><file name="owl.carousel.min.css" server="gnomo.fe.up.pt/public_html/" local="3560249782" remote="3571341496" Dst="-1" /><file name="owl.theme.default.min.css" server="gnomo.fe.up.pt/public_html/" local="3560249782" remote="3571341496" Dst="-1" /><file name="skin-blue.css" server="gnomo.fe.up.pt/public_html/" local="3568792062" remote="3571341496" Dst="-1" /><file name="skin-green.css" server="gnomo.fe.up.pt/public_html/" local="3568792080" remote="3571341496" Dst="-1" /><file name="skin-greenery.css" server="gnomo.fe.up.pt/public_html/" local="3568792110" remote="3571341497" Dst="-1" /><file name="skin-purple.css" server="gnomo.fe.up.pt/public_html/" local="3568792164" remote="3571341497" Dst="-1" /><file name="skin-red.css" server="gnomo.fe.up.pt/public_html/" local="3568792138" remote="3571341497" Dst="-1" /><file name="swiper.css" server="gnomo.fe.up.pt/public_html/" local="3564680606" remote="3571341497" Dst="-1" /><file name="animate.css" server="Macintosh HD/Applications/MAMP/htdocs/LBAW/" local="3564137744" remote="3564137744" Dst="-1" /><file name="bootstrap.min.css" server="Macintosh HD/Applications/MAMP/htdocs/LBAW/" local="3552306808" remote="3552306808" Dst="-1" /><file name="default.css" server="Macintosh HD/Applications/MAMP/htdocs/LBAW/" local="3571331112" remote="3571331112" Dst="-1" /><file name="default.css.map" server="Macintosh HD/Applications/MAMP/htdocs/LBAW/" local="3568792202" remote="3568792202" Dst="-1" /><file name="font-awesome.min.css" server="Macintosh HD/Applications/MAMP/htdocs/LBAW/" local="3556096580" remote="3556096580" Dst="-1" /><file name="owl.carousel.min.css" server="Macintosh HD/Applications/MAMP/htdocs/LBAW/" local="3560249782" remote="3560249782" Dst="-1" /><file name="owl.theme.default.min.css" server="Macintosh HD/Applications/MAMP/htdocs/LBAW/" local="3560249782" remote="3560249782" Dst="-1" /><file name="skin-blue.css" server="Macintosh HD/Applications/MAMP/htdocs/LBAW/" local="3568792062" remote="3568792062" Dst="-1" /><file name="skin-green.css" server="Macintosh HD/Applications/MAMP/htdocs/LBAW/" local="3568792080" remote="3568792080" Dst="-1" /><file name="skin-greenery.css" server="Macintosh HD/Applications/MAMP/htdocs/LBAW/" local="3568792110" remote="3568792110" Dst="-1" /><file name="skin-purple.css" server="Macintosh HD/Applications/MAMP/htdocs/LBAW/" local="3568792164" remote="3568792164" Dst="-1" /><file name="skin-red.css" server="Macintosh HD/Applications/MAMP/htdocs/LBAW/" local="3568792138" remote="3568792138" Dst="-1" /><file name="swiper.css" server="Macintosh HD/Applications/MAMP/htdocs/LBAW/" local="3564680606" remote="3564680606" Dst="-1" /></dwsync>