/* ------------------------------------------------------ R1 Publicação ------------------------------------------------------ */
/* ------------------------------------------------------ R2 Carrinho ------------------------------------------------------ */
/* ------------------------------------------------------ R3 PublicacaoCarrinho ------------------------------------------------------ */
/* ------------------------------------------------------ R4 WishList ------------------------------------------------------ */
/* ------------------------------------------------------ R5 PublicacaoWishList ------------------------------------------------------ */
/* ------------------------------------------------------ R6 Comentario ------------------------------------------------------ */
/* ------------------------------------------------------ R7 Imagem ------------------------------------------------------ */
/* ------------------------------------------------------ R8 Editora ------------------------------------------------------ */
/* ------------------------------------------------------ R9 SubCategoria ------------------------------------------------------ */
/* ------------------------------------------------------ R10 Categoria ------------------------------------------------------ */
/* ------------------------------------------------------ R11 AutorPublicacao ------------------------------------------------------ */
/* ------------------------------------------------------ R12 Cliente ------------------------------------------------------ */
INSERT INTO "Cliente" (id,paisID,carrinhoID,nome,genero,dataNascimento,userName,passWord,ativo,dataRegisto,NULL,telefone,email,nif,idade) VALUES (1,1,1,'Rafaela Xerxes Arouca','Feminino','21/03/1993','tincidunt','QYU41RAX3FI','true','05/03/2013','NULL','351420448201','non.sollicitudin.a@penatibuset.net','044593724','24');
INSERT INTO "Cliente" (id,paisID,carrinhoID,nome,genero,dataNascimento,userName,passWord,ativo,dataRegisto,NULL,telefone,email,nif,idade) VALUES (2,1,2,'Lenia Melissa Hilario','Feminino','24/03/1995','etuard','BRD41MAM5ON','true','03/10/2015','NULL','351663405180','ac.tellus@duiCumsociis.com','283234271','25');
INSERT INTO "Cliente" (id,paisID,carrinhoID,nome,genero,dataNascimento,userName,passWord,ativo,dataRegisto,NULL,telefone,email,nif,idade) VALUES (3,1,3,'Jacinto Agata Frota','Masculino','15/11/1988','Suspendisse','RQV35LJX2ML','true','12/10/2013','NULL','351570450863','tellus.sem.mollis@pedesagittis.com','239054718','27');
INSERT INTO "Cliente" (id,paisID,carrinhoID,nome,genero,dataNascimento,userName,passWord,ativo,dataRegisto,NULL,telefone,email,nif,idade) VALUES (4,1,4,'Helena Ilidio Chaves','Feminino','15/03/1979','Donec','LSL47AZW9BX','true','09/11/2013','NULL','351248634912','eleifend@erat.co.uk','405583318','38');
INSERT INTO "Cliente" (id,paisID,carrinhoID,nome,genero,dataNascimento,userName,passWord,ativo,dataRegisto,NULL,telefone,email,nif,idade) VALUES (5,1,5,'Mauro Guadalupe Ruas','Masculino','13/11/1980','Nunc','VEF30WBO4MB','false','01/08/2013','01/08/2016','351352495908','Mauris@euismodindolor.org','161643248','37');
INSERT INTO "Cliente" (id,paisID,carrinhoID,nome,genero,dataNascimento,userName,passWord,ativo,dataRegisto,NULL,telefone,email,nif,idade) VALUES (6,1,6,'Marcelo Adélio Dutra','Masculino','07/06/1996','dolor','GCV39KPT8BG','true','22/09/2014','NULL','351372157601','Phasellus.fermentum@scelerisquescelerisquedui.net','156008522','20');
INSERT INTO "Cliente" (id,paisID,carrinhoID,nome,genero,dataNascimento,userName,passWord,ativo,dataRegisto,NULL,telefone,email,nif,idade) VALUES (7,1,7,'Angelica Tristao Bras','Feminino','08/02/1971','bibendum','PGT76GUP3KT','true','07/10/2012','NULL','351574669344','ipsum.dolor@arcuimperdiet.ca','551775972','46');
INSERT INTO "Cliente" (id,paisID,carrinhoID,nome,genero,dataNascimento,userName,passWord,ativo,dataRegisto,NULL,telefone,email,nif,idade) VALUES (8,1,8,'Sabino Aarao Outeiro','Masculino','11/07/1993','nulla','UCQ67FXR1YJ','true','23/09/2017','NULL','351522673296','fames.ac@Fusce.net','156795223','23');
INSERT INTO "Cliente" (id,paisID,carrinhoID,nome,genero,dataNascimento,userName,passWord,ativo,dataRegisto,NULL,telefone,email,nif,idade) VALUES (9,1,9,'Mileide Celso Conceicao','Feminino','12/08/1988','consectetuer','FBT96EWW3LM','true','01/04/2015','NULL','351941111705','Nunc.ut@sociis.net','122897197','29');
INSERT INTO "Cliente" (id,paisID,carrinhoID,nome,genero,dataNascimento,userName,passWord,ativo,dataRegisto,NULL,telefone,email,nif,idade) VALUES (10,1,10,'Angela Amelia Castelo','Feminino','01/10/1976','nisi.','MCL83NVJ2EH','true','30/07/2014','NULL','351112320225','aptent.taciti.sociosqu@aodio.net','817189216','41');
INSERT INTO "Cliente" (id,paisID,carrinhoID,nome,genero,dataNascimento,userName,passWord,ativo,dataRegisto,NULL,telefone,email,nif,idade) VALUES (11,1,11,'Valeria Tairine Jardim','Feminino','01/09/1981','placerat,','QYZ07WLN7YC','true','21/04/2012','NULL','351693131764','non.vestibulum@vitae.co.uk','220227873','36');
INSERT INTO "Cliente" (id,paisID,carrinhoID,nome,genero,dataNascimento,userName,passWord,ativo,dataRegisto,NULL,telefone,email,nif,idade) VALUES (12,1,12,'Aluisio Godo Figueiro','Masculino','12/01/1979','exita','YBS70AHE9VH','true','22/08/2015','NULL','351843916006','euismod.urna@cursusa.net','184681792','40');
INSERT INTO "Cliente" (id,paisID,carrinhoID,nome,genero,dataNascimento,userName,passWord,ativo,dataRegisto,NULL,telefone,email,nif,idade) VALUES (13,1,13,'Bernardino Rodolfo Montenegro','Masculino','12/09/1976','veluto','ORU30BNL0JK','false','28/11/2016','10/03/2017','351940437319','massa@Donec.co.uk','995300138','41');
INSERT INTO "Cliente" (id,paisID,carrinhoID,nome,genero,dataNascimento,userName,passWord,ativo,dataRegisto,NULL,telefone,email,nif,idade) VALUES (14,1,14,'Florbela Bernardo Carvalhoso','Feminino','12/06/1976','antediria','NGJ01GJR0YA','true','18/04/2014','NULL','351621486426','ligula.Aenean.gravida@fermentumrisus.com','828257176','41');
INSERT INTO "Cliente" (id,paisID,carrinhoID,nome,genero,dataNascimento,userName,passWord,ativo,dataRegisto,NULL,telefone,email,nif,idade) VALUES (15,1,15,'Marcio Laura Pimentel','Masculino','04/10/1988','lacusisa','EEK74UJV6HC','true','09/05/2012','NULL','351150656950','molestie.orci.tincidunt@sed.edu','337520918','29');
INSERT INTO "Cliente" (id,paisID,carrinhoID,nome,genero,dataNascimento,userName,passWord,ativo,dataRegisto,NULL,telefone,email,nif,idade) VALUES (16,1,16,'Clarisse Tania Morgado','Feminino','11/12/1975','duitita','HGY55RMA9YB','true','12/12/2013','NULL','351562778088','facilisis.facilisis.magna@accumsansed.co.uk','794359407','42');
INSERT INTO "Cliente" (id,paisID,carrinhoID,nome,genero,dataNascimento,userName,passWord,ativo,dataRegisto,NULL,telefone,email,nif,idade) VALUES (17,1,17,'Gonçalo Gerardo Valim','Masculino','02/11/1990','adedado','YJP07DRL9MK','true','03/01/2013','NULL','351592986017','elit.pharetra@dictumPhasellusin.net','736225027','26');
INSERT INTO "Cliente" (id,paisID,carrinhoID,nome,genero,dataNascimento,userName,passWord,ativo,dataRegisto,NULL,telefone,email,nif,idade) VALUES (18,1,18,'Catarina Leonardo Maia','Feminino','09/07/1970','fermentum','BKF67NLO2SU','true','01/03/2014','NULL','351096527271','tempus.scelerisque@eleifendegestas.org','833984062','47');
INSERT INTO "Cliente" (id,paisID,carrinhoID,nome,genero,dataNascimento,userName,passWord,ativo,dataRegisto,NULL,telefone,email,nif,idade) VALUES (19,1,19,'Samuel Belchior Carreiro','Masculino','22/03/1986','nullazita','NWH27SAD6MP','true','02/10/2015','NULL','351261926055','ante@augue.net','866169562','30');
INSERT INTO "Cliente" (id,paisID,carrinhoID,nome,genero,dataNascimento,userName,passWord,ativo,dataRegisto,NULL,telefone,email,nif,idade) VALUES (20,1,20,'Dino Gualdim Maranhao','Masculino','29/06/1973','nullalo','NNS43YYQ8GT','true','01/03/2016','NULL','351287509459','sed.dictum@cursus.edu','898351545','44');
INSERT INTO "Cliente" (id,paisID,carrinhoID,nome,genero,dataNascimento,userName,passWord,ativo,dataRegisto,NULL,telefone,email,nif,idade) VALUES (21,1,21,'Armando Dina Mieiro','Masculino','06/09/1998','eratado','HLL49KIO9FU','true','12/11/2012','NULL','351149796559','sem@Duissit.co.uk','259873398','28');

/* ------------------------------------------------------ R13 MoradaFaturacao ------------------------------------------------------ */
/* ------------------------------------------------------ R14 MoradaEnvio ------------------------------------------------------ */

/* ------------------------------------------------------ R15 CartaoCreditoCliente ------------------------------------------------------ */

INSERT INTO "CartaoCreditoCliente" (cartaoCreditoClienteID,clienteID,tipo,numero,validade,cvv) VALUES (1,1,'MasterCard','4539991256127798','22/05/2015','935');
INSERT INTO "CartaoCreditoCliente" (cartaoCreditoClienteID,clienteID,tipo,numero,validade,cvv) VALUES (2,2,'MasterCard','4024007101047','14/08/2011','983');
INSERT INTO "CartaoCreditoCliente" (cartaoCreditoClienteID,clienteID,tipo,numero,validade,cvv) VALUES (3,3,'AmericanExpress','4485012147500889','07/06/2010','837');
INSERT INTO "CartaoCreditoCliente" (cartaoCreditoClienteID,clienteID,tipo,numero,validade,cvv) VALUES (4,4,'Visa','4485517338024358','05/06/2010','854');
INSERT INTO "CartaoCreditoCliente" (cartaoCreditoClienteID,clienteID,tipo,numero,validade,cvv) VALUES (5,5,'AmericanExpress','4716038150097','26/04/2012','385');
INSERT INTO "CartaoCreditoCliente" (cartaoCreditoClienteID,clienteID,tipo,numero,validade,cvv) VALUES (6,6,'Visa','4716945839428','02/05/2016','376');
INSERT INTO "CartaoCreditoCliente" (cartaoCreditoClienteID,clienteID,tipo,numero,validade,cvv) VALUES (7,7,'MasterCard','4716953205280','01/06/2014','831');
INSERT INTO "CartaoCreditoCliente" (cartaoCreditoClienteID,clienteID,tipo,numero,validade,cvv) VALUES (8,8,'MasterCard','4556354288945679','24/09/2011','610');
INSERT INTO "CartaoCreditoCliente" (cartaoCreditoClienteID,clienteID,tipo,numero,validade,cvv) VALUES (9,9,'AmericanExpress','4539034808209085','06/07/2013','276');
INSERT INTO "CartaoCreditoCliente" (cartaoCreditoClienteID,clienteID,tipo,numero,validade,cvv) VALUES (10,10,'Visa','4840928111223','10/01/2015','203');
INSERT INTO "CartaoCreditoCliente" (cartaoCreditoClienteID,clienteID,tipo,numero,validade,cvv) VALUES (11,11,'Visa','4532027722626','15/01/2012','890');
INSERT INTO "CartaoCreditoCliente" (cartaoCreditoClienteID,clienteID,tipo,numero,validade,cvv) VALUES (12,12,'MasterCard','4716995890950924','25/09/2012','645');
INSERT INTO "CartaoCreditoCliente" (cartaoCreditoClienteID,clienteID,tipo,numero,validade,cvv) VALUES (13,13,'MasterCard','4401847396021','24/10/2012','719');
INSERT INTO "CartaoCreditoCliente" (cartaoCreditoClienteID,clienteID,tipo,numero,validade,cvv) VALUES (14,14,'AmericanExpress','4916722740475409','14/08/2010','597');
INSERT INTO "CartaoCreditoCliente" (cartaoCreditoClienteID,clienteID,tipo,numero,validade,cvv) VALUES (15,15,'AmericanExpress','4716199213119149','28/06/2015','389');
INSERT INTO "CartaoCreditoCliente" (cartaoCreditoClienteID,clienteID,tipo,numero,validade,cvv) VALUES (16,16,'Visa','4305967903689564','11/03/2011','752');
INSERT INTO "CartaoCreditoCliente" (cartaoCreditoClienteID,clienteID,tipo,numero,validade,cvv) VALUES (17,17,'MasterCard','4485834498720877','08/06/2011','173');
INSERT INTO "CartaoCreditoCliente" (cartaoCreditoClienteID,clienteID,tipo,numero,validade,cvv) VALUES (18,18,'AmericanExpress','4539959690998769','22/04/2016','970');
INSERT INTO "CartaoCreditoCliente" (cartaoCreditoClienteID,clienteID,tipo,numero,validade,cvv) VALUES (19,19,'MasterCard','4539218926600511','01/04/2012','885');
INSERT INTO "CartaoCreditoCliente" (cartaoCreditoClienteID,clienteID,tipo,numero,validade,cvv) VALUES (20,20,'Visa','4929736934353','14/09/2011','735');

/* ------------------------------------------------------ R16 Funcionario ------------------------------------------------------ */

INSERT INTO "Funcionario" (funcionarioID,moradaID,paisID,nome,genero,dataNascimento,username,password,ativo,dataAdmissao,dataCessacao,telefone,email,nif,cartaoCidadao,idade) VALUES (1,1,1,'Floripes Vilarinho','masculino','08/12/1980','John','YPB58AJH6LE','true','02/09/2009','05/06/2009','351212122157','non@Sed.edu','998187586','51057539 8NE7','NULL');
INSERT INTO "Funcionario" (funcionarioID,moradaID,paisID,nome,genero,dataNascimento,username,password,ativo,dataAdmissao,dataCessacao,telefone,email,nif,cartaoCidadao,idade) VALUES (2,2,2,'Isadora Vides','feminino','10/05/1991','Ignacia','FOT73YNK8JP','false','15/08/2012','23/03/2013','351949891392','Etiam.laoreet@fames.edu','102798307','79782665 1XL6','NULL');
INSERT INTO "Funcionario" (funcionarioID,moradaID,paisID,nome,genero,dataNascimento,username,password,ativo,dataAdmissao,dataCessacao,telefone,email,nif,cartaoCidadao,idade) VALUES (3,3,3,'Floripes Vilarinho','masculino','02/02/2000','Michael','AXK90DBX1NI','false','19/11/2002','08/05/2013','351268798886','dolor.dapibus.gravida@Namconsequatdolor.com','637237286','44216592 7KU5','NULL');
INSERT INTO "Funcionario" (funcionarioID,moradaID,paisID,nome,genero,dataNascimento,username,password,ativo,dataAdmissao,dataCessacao,telefone,email,nif,cartaoCidadao,idade) VALUES (4,4,4,'Gina Ornelas','feminino','29/03/1978','Lillith','ODB56YJQ9SX','true','19/03/1997','16/07/2010','351851416852','vel.turpis.Aliquam@tinciduntpedeac.ca','060839699','96659782 2YM1','NULL');
INSERT INTO "Funcionario" (funcionarioID,moradaID,paisID,nome,genero,dataNascimento,username,password,ativo,dataAdmissao,dataCessacao,telefone,email,nif,cartaoCidadao,idade) VALUES (5,5,5,'Sabrina Vides','feminino','07/02/1996','Avram','OLP29HOE9KR','true','07/05/2014','12/12/2000','351731847534','Aenean.eget.magna@nulla.org','084626563','67542959 4IL4','NULL');
INSERT INTO "Funcionario" (funcionarioID,moradaID,paisID,nome,genero,dataNascimento,username,password,ativo,dataAdmissao,dataCessacao,telefone,email,nif,cartaoCidadao,idade) VALUES (6,6,6,'Antero Pedro','feminino','09/08/1979','Hannah','GAX02CZZ5WH','true','13/05/2003','06/01/2015','351541391254','mauris.ut@purus.ca','296523763','86762463 0IZ8','NULL');
INSERT INTO "Funcionario" (funcionarioID,moradaID,paisID,nome,genero,dataNascimento,username,password,ativo,dataAdmissao,dataCessacao,telefone,email,nif,cartaoCidadao,idade) VALUES (7,7,7,'Bernardina Brites','masculino','04/11/1985','Malcolm','TQB56OAY7QK','false','29/01/2002','31/07/2015','351487156940','ipsum@apurusDuis.co.uk','195834917','71358250 0QG8','NULL');
INSERT INTO "Funcionario" (funcionarioID,moradaID,paisID,nome,genero,dataNascimento,username,password,ativo,dataAdmissao,dataCessacao,telefone,email,nif,cartaoCidadao,idade) VALUES (8,8,8,'Filomena Bezerra','masculino','03/11/1983','Leonard','DFH68IPZ4WC','true','27/06/2011','07/05/2013','351730473619','luctus.lobortis.Class@sedsem.com','841691951','94920866 4ZR2','NULL');
INSERT INTO "Funcionario" (funcionarioID,moradaID,paisID,nome,genero,dataNascimento,username,password,ativo,dataAdmissao,dataCessacao,telefone,email,nif,cartaoCidadao,idade) VALUES (9,9,9,'Telma Lopes','masculino','06/10/1995','Axel','FHW11MXN1UY','false','03/11/2000','17/01/2000','351045059905','Nam@Sednecmetus.co.uk','454388527','77255669 7CO4','NULL');
INSERT INTO "Funcionario" (funcionarioID,moradaID,paisID,nome,genero,dataNascimento,username,password,ativo,dataAdmissao,dataCessacao,telefone,email,nif,cartaoCidadao,idade) VALUES (10,10,10,'Zita Valverde','feminino','02/05/1998','Keelie','FZF40CPC8KI','true','16/03/2014','17/02/2013','351985038569','sociis.natoque@urnasuscipitnonummy.co.uk','762932406','57370969 1DW7','NULL');
INSERT INTO "Funcionario" (funcionarioID,moradaID,paisID,nome,genero,dataNascimento,username,password,ativo,dataAdmissao,dataCessacao,telefone,email,nif,cartaoCidadao,idade) VALUES (11,11,11,'Isadora Vides','feminino','27/10/1977','Lane','IGF02KPU7PC','true','22/10/2009','30/08/2010','351053164662','mi.Aliquam.gravida@laoreetlibero.com','868248234','82963588 6DV9','NULL');
INSERT INTO "Funcionario" (funcionarioID,moradaID,paisID,nome,genero,dataNascimento,username,password,ativo,dataAdmissao,dataCessacao,telefone,email,nif,cartaoCidadao,idade) VALUES (12,12,12,'Edmundo Veiga','feminino','19/12/1981','Stuart','QFK38PNK8QB','true','10/01/2005','01/12/2009','351165334409','morbi.tristique.senectus@arcu.edu','426227897','29692632 6TT2','NULL');
INSERT INTO "Funcionario" (funcionarioID,moradaID,paisID,nome,genero,dataNascimento,username,password,ativo,dataAdmissao,dataCessacao,telefone,email,nif,cartaoCidadao,idade) VALUES (13,13,13,'Vera Bernardes','masculino','04/08/1981','Solomon','LAW57KBS8BW','false','10/09/2011','25/11/2010','351939442957','et.tristique@Intinciduntcongue.ca','516187745','87909284 8CE2','NULL');
INSERT INTO "Funcionario" (funcionarioID,moradaID,paisID,nome,genero,dataNascimento,username,password,ativo,dataAdmissao,dataCessacao,telefone,email,nif,cartaoCidadao,idade) VALUES (14,14,14,'Hermesinda Moita','masculino','22/01/1999','Jordan','MHZ39IVP3BY','true','19/12/2010','24/07/2004','351005377092','Phasellus.in@sitametlorem.com','267645892','53631512 1MQ8','NULL');
INSERT INTO "Funcionario" (funcionarioID,moradaID,paisID,nome,genero,dataNascimento,username,password,ativo,dataAdmissao,dataCessacao,telefone,email,nif,cartaoCidadao,idade) VALUES (15,15,15,'Simone Bivar','feminino','28/12/1986','Irma','GVE94XDU4CU','false','18/05/2013','26/07/2014','351551672199','lacus@mattisIntegereu.org','943924065','77309080 5LF9','NULL');
INSERT INTO "Funcionario" (funcionarioID,moradaID,paisID,nome,genero,dataNascimento,username,password,ativo,dataAdmissao,dataCessacao,telefone,email,nif,cartaoCidadao,idade) VALUES (16,16,16,'Antero Pedro','masculino','03/01/1992','Ulysses','CVT52FML4CY','true','22/05/2012','12/09/2004','351507348492','interdum@vulputatedui.com','955890487','53704913 0EC2','NULL');
INSERT INTO "Funcionario" (funcionarioID,moradaID,paisID,nome,genero,dataNascimento,username,password,ativo,dataAdmissao,dataCessacao,telefone,email,nif,cartaoCidadao,idade) VALUES (17,17,17,'Hugo Quesado','feminino','02/10/1975','Mariam','KZO58ZYE6DT','true','09/02/2014','10/06/1998','351408325844','rutrum.non.hendrerit@Nam.edu','535801438','31330188 2OR1','NULL');
INSERT INTO "Funcionario" (funcionarioID,moradaID,paisID,nome,genero,dataNascimento,username,password,ativo,dataAdmissao,dataCessacao,telefone,email,nif,cartaoCidadao,idade) VALUES (18,18,18,'Rodolfo Travassos','masculino','10/09/1990','Nathan','PAT04UPT3SJ','false','08/07/2006','26/06/2006','351429063478','consequat.auctor.nunc@ante.org','586887922','10031824 2XK5','NULL');
INSERT INTO "Funcionario" (funcionarioID,moradaID,paisID,nome,genero,dataNascimento,username,password,ativo,dataAdmissao,dataCessacao,telefone,email,nif,cartaoCidadao,idade) VALUES (19,19,19,'Henriqueta Taveiros','feminino','08/07/1986','Wynter','SXC62MWV7EP','true','11/11/2011','08/06/2005','351559087178','auctor.nunc.nulla@nostraperinceptos.edu','624156526','98829461 0CQ0','NULL');
INSERT INTO "Funcionario" (funcionarioID,moradaID,paisID,nome,genero,dataNascimento,username,password,ativo,dataAdmissao,dataCessacao,telefone,email,nif,cartaoCidadao,idade) VALUES (20,20,20,'Afonso Festas','masculino','14/03/1979','Gannon','TSS79HPZ2MQ','true','06/10/2009','26/12/2001','351406488195','feugiat@vehicula.net','411656031','92733702 1WE6','NULL');
INSERT INTO "Funcionario" (funcionarioID,moradaID,paisID,nome,genero,dataNascimento,username,password,ativo,dataAdmissao,dataCessacao,telefone,email,nif,cartaoCidadao,idade) VALUES (21,21,21,'Simone Bivar','feminino','02/08/1986','Rogan','HAK87TJS1BU','false','07/05/2008','11/10/2001','351775695403','metus.facilisis.lorem@Innecorci.org','698341623','63543747 9ZG2','NULL');
INSERT INTO "Funcionario" (funcionarioID,moradaID,paisID,nome,genero,dataNascimento,username,password,ativo,dataAdmissao,dataCessacao,telefone,email,nif,cartaoCidadao,idade) VALUES (22,22,22,'Liana Rua','feminino','01/03/1986','Rosalyn','OGO40FWC5NJ','false','25/08/1998','25/12/2003','351479889198','auctor.non.feugiat@placeratvelit.com','222495821','95251512 8OC7','NULL');
INSERT INTO "Funcionario" (funcionarioID,moradaID,paisID,nome,genero,dataNascimento,username,password,ativo,dataAdmissao,dataCessacao,telefone,email,nif,cartaoCidadao,idade) VALUES (23,23,23,'Amandio Casqueira','feminino','22/04/1984','Alexa','SCW87QYC7YH','true','14/02/1999','20/11/2002','351756964086','enim.Etiam.gravida@etultricesposuere.co.uk','859477341','32322027 5SV2','NULL');
INSERT INTO "Funcionario" (funcionarioID,moradaID,paisID,nome,genero,dataNascimento,username,password,ativo,dataAdmissao,dataCessacao,telefone,email,nif,cartaoCidadao,idade) VALUES (24,24,24,'Rodolfo Travassos','feminino','20/05/1996','Alec','VTJ65GGP7JB','false','26/10/2010','27/08/2010','351660029801','Etiam.vestibulum@vulputate.ca','124878682','21120710 7SK0','NULL');
INSERT INTO "Funcionario" (funcionarioID,moradaID,paisID,nome,genero,dataNascimento,username,password,ativo,dataAdmissao,dataCessacao,telefone,email,nif,cartaoCidadao,idade) VALUES (25,25,25,'Vera Bernardes','feminino','03/05/1993','Uma','POW91KCI8XO','true','18/09/1999','29/05/2006','351109702416','fames.ac@sodaleseliterat.co.uk','693972369','85773432 7IQ4','NULL');

/* ------------------------------------------------------ R17 Localidade ------------------------------------------------------ */

INSERT INTO "Administrador" (administradorID,paisID,nome,genero,dataNascimento,username,password,ativo) VALUES (1,1,'Austin','masculino','04/03/2017','consectetuer','AIQ85AQG4TJ','true');
INSERT INTO "Administrador" (administradorID,paisID,nome,genero,dataNascimento,username,password,ativo) VALUES (2,2,'Elijah','feminino','02/26/2021','ullamcorper','MAV09WFT8TE','true');
INSERT INTO "Administrador" (administradorID,paisID,nome,genero,dataNascimento,username,password,ativo) VALUES (3,3,'Charde','feminino','10/21/2019','lectus','QDQ58ODE1KV','true');
INSERT INTO "Administrador" (administradorID,paisID,nome,genero,dataNascimento,username,password,ativo) VALUES (4,4,'Bo','masculino','04/02/2018','convallis','VBN58OSG2YG','true');
INSERT INTO "Administrador" (administradorID,paisID,nome,genero,dataNascimento,username,password,ativo) VALUES (5,5,'Beverly','masculino','08/09/2020','mauris','WPZ07DVI9PP','true');
INSERT INTO "Administrador" (administradorID,paisID,nome,genero,dataNascimento,username,password,ativo) VALUES (6,6,'Cathleen','feminino','01/23/2020','elit.','BSO38NJN5MA','false');

/* ------------------------------------------------------ R18 Autor ------------------------------------------------------ */
/* ------------------------------------------------------ R19 Login ------------------------------------------------------ */
/* ------------------------------------------------------ R20 Pais ------------------------------------------------------ */

INSERT INTO "Pais" (paisID,nome) VALUES (1,'Portugal');
INSERT INTO "Pais" (paisID,nome) VALUES (2,'Espanha');
INSERT INTO "Pais" (paisID,nome) VALUES (3,'Angola');
INSERT INTO "Pais" (paisID,nome) VALUES (4,'Argentina');
INSERT INTO "Pais" (paisID,nome) VALUES (5,'Mexico');
INSERT INTO "Pais" (paisID,nome) VALUES (6,'Brasil');
INSERT INTO "Pais" (paisID,nome) VALUES (7,'Cabo Verde');
INSERT INTO "Pais" (paisID,nome) VALUES (8,'Chile');
INSERT INTO "Pais" (paisID,nome) VALUES (9,'Dinamarca');
INSERT INTO "Pais" (paisID,nome) VALUES (10,'USA');
INSERT INTO "Pais" (paisID,nome) VALUES (11,'Reino Unido');
INSERT INTO "Pais" (paisID,nome) VALUES (12,'Irlanda');
INSERT INTO "Pais" (paisID,nome) VALUES (13,'Venezuela');
INSERT INTO "Pais" (paisID,nome) VALUES (14,'Peru');
INSERT INTO "Pais" (paisID,nome) VALUES (15,'Egito');
INSERT INTO "Pais" (paisID,nome) VALUES (16,'Hong Kong');
INSERT INTO "Pais" (paisID,nome) VALUES (17,'Timor-Leste');
INSERT INTO "Pais" (paisID,nome) VALUES (18,'Jamaica');

/* ------------------------------------------------------ R21 Localidade ------------------------------------------------------ */

INSERT INTO "Localidade" (localidadeID,paisID,nome) VALUES (1,1,'Abrantes	');
INSERT INTO "Localidade" (localidadeID,paisID,nome) VALUES (2,1,'Albufeira');
INSERT INTO "Localidade" (localidadeID,paisID,nome) VALUES (3,1,'Amarante');
INSERT INTO "Localidade" (localidadeID,paisID,nome) VALUES (4,1,'Aveiro');
INSERT INTO "Localidade" (localidadeID,paisID,nome) VALUES (5,1,'Barcelos');
INSERT INTO "Localidade" (localidadeID,paisID,nome) VALUES (6,1,'Beja');
INSERT INTO "Localidade" (localidadeID,paisID,nome) VALUES (7,1,'Braga');
INSERT INTO "Localidade" (localidadeID,paisID,nome) VALUES (8,1,'Bragança');
INSERT INTO "Localidade" (localidadeID,paisID,nome) VALUES (9,1,'Caldas da Rainha');
INSERT INTO "Localidade" (localidadeID,paisID,nome) VALUES (10,1,'Castelo Branco');
INSERT INTO "Localidade" (localidadeID,paisID,nome) VALUES (11,1,'Coimbra');
INSERT INTO "Localidade" (localidadeID,paisID,nome) VALUES (12,1,'Ermesinde');
INSERT INTO "Localidade" (localidadeID,paisID,nome) VALUES (13,1,'Espinho');
INSERT INTO "Localidade" (localidadeID,paisID,nome) VALUES (14,1,'Évora');
INSERT INTO "Localidade" (localidadeID,paisID,nome) VALUES (15,1,'Faro');
INSERT INTO "Localidade" (localidadeID,paisID,nome) VALUES (16,1,'Figueira da Foz');
INSERT INTO "Localidade" (localidadeID,paisID,nome) VALUES (17,1,'Funchal');
INSERT INTO "Localidade" (localidadeID,paisID,nome) VALUES (18,1,'Guarda');
INSERT INTO "Localidade" (localidadeID,paisID,nome) VALUES (19,1,'Guimarães');
INSERT INTO "Localidade" (localidadeID,paisID,nome) VALUES (20,1,'Lamego');
INSERT INTO "Localidade" (localidadeID,paisID,nome) VALUES (21,1,'Leiria');
INSERT INTO "Localidade" (localidadeID,paisID,nome) VALUES (22,1,'Lisboa');
INSERT INTO "Localidade" (localidadeID,paisID,nome) VALUES (23,1,'Maia');
INSERT INTO "Localidade" (localidadeID,paisID,nome) VALUES (24,1,'Matosinhos');
INSERT INTO "Localidade" (localidadeID,paisID,nome) VALUES (25,1,'Mealhada');
INSERT INTO "Localidade" (localidadeID,paisID,nome) VALUES (26,1,'Mirandela');
INSERT INTO "Localidade" (localidadeID,paisID,nome) VALUES (27,1,'Odivelas');
INSERT INTO "Localidade" (localidadeID,paisID,nome) VALUES (28,1,'Paredes');
INSERT INTO "Localidade" (localidadeID,paisID,nome) VALUES (29,1,'Penafiel');
INSERT INTO "Localidade" (localidadeID,paisID,nome) VALUES (30,1,'Porto');

/* ------------------------------------------------------ R22 CodigoPostal ------------------------------------------------------ */

INSERT INTO "CodigoPostal" (codigoPostalID,localidadeID,cod1,cod2) VALUES (1,1,'2200','320');
INSERT INTO "CodigoPostal" (codigoPostalID,localidadeID,cod1,cod2) VALUES (2,2,'8200','250');
INSERT INTO "CodigoPostal" (codigoPostalID,localidadeID,cod1,cod2) VALUES (3,3,'4600','058');
INSERT INTO "CodigoPostal" (codigoPostalID,localidadeID,cod1,cod2) VALUES (4,4,'3800','371');
INSERT INTO "CodigoPostal" (codigoPostalID,localidadeID,cod1,cod2) VALUES (5,5,'4750','264');
INSERT INTO "CodigoPostal" (codigoPostalID,localidadeID,cod1,cod2) VALUES (6,6,'7800','449');
INSERT INTO "CodigoPostal" (codigoPostalID,localidadeID,cod1,cod2) VALUES (7,7,'4715','586');
INSERT INTO "CodigoPostal" (codigoPostalID,localidadeID,cod1,cod2) VALUES (8,8,'5300','031');
INSERT INTO "CodigoPostal" (codigoPostalID,localidadeID,cod1,cod2) VALUES (9,9,'2504','909');
INSERT INTO "CodigoPostal" (codigoPostalID,localidadeID,cod1,cod2) VALUES (10,10,'6001','909');
INSERT INTO "CodigoPostal" (codigoPostalID,localidadeID,cod1,cod2) VALUES (11,11,'3025','016');
INSERT INTO "CodigoPostal" (codigoPostalID,localidadeID,cod1,cod2) VALUES (12,12,'4445','418');
INSERT INTO "CodigoPostal" (codigoPostalID,localidadeID,cod1,cod2) VALUES (13,13,'4501','902');
INSERT INTO "CodigoPostal" (codigoPostalID,localidadeID,cod1,cod2) VALUES (14,14,'7005','872');
INSERT INTO "CodigoPostal" (codigoPostalID,localidadeID,cod1,cod2) VALUES (15,15,'8005','998');
INSERT INTO "CodigoPostal" (codigoPostalID,localidadeID,cod1,cod2) VALUES (16,16,'3080','744');
INSERT INTO "CodigoPostal" (codigoPostalID,localidadeID,cod1,cod2) VALUES (17,17,'9000','083');
INSERT INTO "CodigoPostal" (codigoPostalID,localidadeID,cod1,cod2) VALUES (18,18,'6300','625');
INSERT INTO "CodigoPostal" (codigoPostalID,localidadeID,cod1,cod2) VALUES (19,19,'4800','178');
INSERT INTO "CodigoPostal" (codigoPostalID,localidadeID,cod1,cod2) VALUES (20,20,'5101','909');
INSERT INTO "CodigoPostal" (codigoPostalID,localidadeID,cod1,cod2) VALUES (21,21,'2410','253');
INSERT INTO "CodigoPostal" (codigoPostalID,localidadeID,cod1,cod2) VALUES (22,22,'1750','364');
INSERT INTO "CodigoPostal" (codigoPostalID,localidadeID,cod1,cod2) VALUES (23,23,'4425','087');
INSERT INTO "CodigoPostal" (codigoPostalID,localidadeID,cod1,cod2) VALUES (24,24,'4450','187');
INSERT INTO "CodigoPostal" (codigoPostalID,localidadeID,cod1,cod2) VALUES (25,25,'3050','894');
INSERT INTO "CodigoPostal" (codigoPostalID,localidadeID,cod1,cod2) VALUES (26,26,'5371','909');
INSERT INTO "CodigoPostal" (codigoPostalID,localidadeID,cod1,cod2) VALUES (27,27,'2675','639');
INSERT INTO "CodigoPostal" (codigoPostalID,localidadeID,cod1,cod2) VALUES (28,28,'4580','023');
INSERT INTO "CodigoPostal" (codigoPostalID,localidadeID,cod1,cod2) VALUES (29,29,'4560','495');
INSERT INTO "CodigoPostal" (codigoPostalID,localidadeID,cod1,cod2) VALUES (30,30,'4000','000');

/* ------------------------------------------------------ R23 Morada ------------------------------------------------------ */

INSERT INTO "Morada" (moradaID,codigoPostalID,rua) VALUES (1,1,'Esplanada 1º de Maio');
INSERT INTO "Morada" (moradaID,codigoPostalID,rua) VALUES (2,2,'Albufeira Gare');
INSERT INTO "Morada" (moradaID,codigoPostalID,rua) VALUES (3,3,'Rua Carlos Amarante');
INSERT INTO "Morada" (moradaID,codigoPostalID,rua) VALUES (4,4,'Praceta Cidadela de Aveiro');
INSERT INTO "Morada" (moradaID,codigoPostalID,rua) VALUES (5,5,'Rua Duques Barcelos');
INSERT INTO "Morada" (moradaID,codigoPostalID,rua) VALUES (6,6,'Rua Beja');
INSERT INTO "Morada" (moradaID,codigoPostalID,rua) VALUES (7,7,'Rua Maria Ondina Braga');
INSERT INTO "Morada" (moradaID,codigoPostalID,rua) VALUES (8,8,'Rua Dona Catarina de Bragança');
INSERT INTO "Morada" (moradaID,codigoPostalID,rua) VALUES (9,9,'Apartado 16, Caldas da Rainha');
INSERT INTO "Morada" (moradaID,codigoPostalID,rua) VALUES (10,10,'Apartado 4, Castelo Branco');
INSERT INTO "Morada" (moradaID,codigoPostalID,rua) VALUES (11,11,'Rua de Coimbra');
INSERT INTO "Morada" (moradaID,codigoPostalID,rua) VALUES (12,12,'Travessa de Ermesinde');
INSERT INTO "Morada" (moradaID,codigoPostalID,rua) VALUES (13,13,'Apartado 1001, Espinho');
INSERT INTO "Morada" (moradaID,codigoPostalID,rua) VALUES (14,14,'Circular de Évora');
INSERT INTO "Morada" (moradaID,codigoPostalID,rua) VALUES (15,15,'Rua de Faro');
INSERT INTO "Morada" (moradaID,codigoPostalID,rua) VALUES (16,16,'Rua da Figueira da Foz');
INSERT INTO "Morada" (moradaID,codigoPostalID,rua) VALUES (17,17,'Rua do Marquês do Funchal');
INSERT INTO "Morada" (moradaID,codigoPostalID,rua) VALUES (18,18,'In Guarda Retail-Park');
INSERT INTO "Morada" (moradaID,codigoPostalID,rua) VALUES (19,19,'Rua Capitão Alfredo Guimarães');
INSERT INTO "Morada" (moradaID,codigoPostalID,rua) VALUES (20,20,'Apartado 1, Lamego');
INSERT INTO "Morada" (moradaID,codigoPostalID,rua) VALUES (21,21,'Rua Assunção Leiria');
INSERT INTO "Morada" (moradaID,codigoPostalID,rua) VALUES (22,22,'Terminal de Carga Aeroporto de Lisboa');
INSERT INTO "Morada" (moradaID,codigoPostalID,rua) VALUES (23,23,'Rua Fontineiros da Maia');
INSERT INTO "Morada" (moradaID,codigoPostalID,rua) VALUES (24,24,'Rua Orfeão de Matosinhos');
INSERT INTO "Morada" (moradaID,codigoPostalID,rua) VALUES (25,25,'Póvoa da Mealhada');
INSERT INTO "Morada" (moradaID,codigoPostalID,rua) VALUES (26,26,'Apartado 1, Mirandela');
INSERT INTO "Morada" (moradaID,codigoPostalID,rua) VALUES (27,27,'Praça Cidade de Odivelas');
INSERT INTO "Morada" (moradaID,codigoPostalID,rua) VALUES (28,28,'Rua da Misericórdia de Paredes');
INSERT INTO "Morada" (moradaID,codigoPostalID,rua) VALUES (29,29,'Largo dos Bombeiros Voluntários de Penafiel');
INSERT INTO "Morada" (moradaID,codigoPostalID,rua) VALUES (30,30,'Largo 1º de Dezembro');

/* ------------------------------------------------------ R24 Encomenda ------------------------------------------------------ */
/* ------------------------------------------------------ R25 PublicacaoEncomenda ------------------------------------------------------ */
/* ------------------------------------------------------ R26 InformacaoFaturacao ------------------------------------------------------ */
/* ------------------------------------------------------ R27 MetodoPagamento ------------------------------------------------------ */
/* ------------------------------------------------------ R28 CartaoCredito ------------------------------------------------------ */
/* ------------------------------------------------------ R29 Multibanco ------------------------------------------------------ */
/* ------------------------------------------------------ R30 Pesquisa ------------------------------------------------------ */
/* ------------------------------------------------------ R31 PerguntaUtilizador ------------------------------------------------------ */
